--
-- PostgreSQL database dump
--

-- Dumped from database version 16.4 (Debian 16.4-1.pgdg120+1)
-- Dumped by pg_dump version 16.4 (Debian 16.4-1.pgdg120+1)

SET statement_timeout = 0;
SET lock_timeout = 0;
SET idle_in_transaction_session_timeout = 0;
SET client_encoding = 'UTF8';
SET standard_conforming_strings = on;
SELECT pg_catalog.set_config('search_path', '', false);
SET check_function_bodies = false;
SET xmloption = content;
SET client_min_messages = warning;
SET row_security = off;

SET default_tablespace = '';

SET default_table_access_method = heap;

--
-- Name: auth_group; Type: TABLE; Schema: public; Owner: ibra
--

CREATE TABLE public.auth_group (
    id integer NOT NULL,
    name character varying(150) NOT NULL
);


ALTER TABLE public.auth_group OWNER TO ibra;

--
-- Name: auth_group_id_seq; Type: SEQUENCE; Schema: public; Owner: ibra
--

ALTER TABLE public.auth_group ALTER COLUMN id ADD GENERATED BY DEFAULT AS IDENTITY (
    SEQUENCE NAME public.auth_group_id_seq
    START WITH 1
    INCREMENT BY 1
    NO MINVALUE
    NO MAXVALUE
    CACHE 1
);


--
-- Name: auth_group_permissions; Type: TABLE; Schema: public; Owner: ibra
--

CREATE TABLE public.auth_group_permissions (
    id bigint NOT NULL,
    group_id integer NOT NULL,
    permission_id integer NOT NULL
);


ALTER TABLE public.auth_group_permissions OWNER TO ibra;

--
-- Name: auth_group_permissions_id_seq; Type: SEQUENCE; Schema: public; Owner: ibra
--

ALTER TABLE public.auth_group_permissions ALTER COLUMN id ADD GENERATED BY DEFAULT AS IDENTITY (
    SEQUENCE NAME public.auth_group_permissions_id_seq
    START WITH 1
    INCREMENT BY 1
    NO MINVALUE
    NO MAXVALUE
    CACHE 1
);


--
-- Name: auth_permission; Type: TABLE; Schema: public; Owner: ibra
--

CREATE TABLE public.auth_permission (
    id integer NOT NULL,
    name character varying(255) NOT NULL,
    content_type_id integer NOT NULL,
    codename character varying(100) NOT NULL
);


ALTER TABLE public.auth_permission OWNER TO ibra;

--
-- Name: auth_permission_id_seq; Type: SEQUENCE; Schema: public; Owner: ibra
--

ALTER TABLE public.auth_permission ALTER COLUMN id ADD GENERATED BY DEFAULT AS IDENTITY (
    SEQUENCE NAME public.auth_permission_id_seq
    START WITH 1
    INCREMENT BY 1
    NO MINVALUE
    NO MAXVALUE
    CACHE 1
);


--
-- Name: auth_user; Type: TABLE; Schema: public; Owner: ibra
--

CREATE TABLE public.auth_user (
    id integer NOT NULL,
    password character varying(128) NOT NULL,
    last_login timestamp with time zone,
    is_superuser boolean NOT NULL,
    username character varying(150) NOT NULL,
    first_name character varying(150) NOT NULL,
    last_name character varying(150) NOT NULL,
    email character varying(254) NOT NULL,
    is_staff boolean NOT NULL,
    is_active boolean NOT NULL,
    date_joined timestamp with time zone NOT NULL
);


ALTER TABLE public.auth_user OWNER TO ibra;

--
-- Name: auth_user_groups; Type: TABLE; Schema: public; Owner: ibra
--

CREATE TABLE public.auth_user_groups (
    id bigint NOT NULL,
    user_id integer NOT NULL,
    group_id integer NOT NULL
);


ALTER TABLE public.auth_user_groups OWNER TO ibra;

--
-- Name: auth_user_groups_id_seq; Type: SEQUENCE; Schema: public; Owner: ibra
--

ALTER TABLE public.auth_user_groups ALTER COLUMN id ADD GENERATED BY DEFAULT AS IDENTITY (
    SEQUENCE NAME public.auth_user_groups_id_seq
    START WITH 1
    INCREMENT BY 1
    NO MINVALUE
    NO MAXVALUE
    CACHE 1
);


--
-- Name: auth_user_id_seq; Type: SEQUENCE; Schema: public; Owner: ibra
--

ALTER TABLE public.auth_user ALTER COLUMN id ADD GENERATED BY DEFAULT AS IDENTITY (
    SEQUENCE NAME public.auth_user_id_seq
    START WITH 1
    INCREMENT BY 1
    NO MINVALUE
    NO MAXVALUE
    CACHE 1
);


--
-- Name: auth_user_user_permissions; Type: TABLE; Schema: public; Owner: ibra
--

CREATE TABLE public.auth_user_user_permissions (
    id bigint NOT NULL,
    user_id integer NOT NULL,
    permission_id integer NOT NULL
);


ALTER TABLE public.auth_user_user_permissions OWNER TO ibra;

--
-- Name: auth_user_user_permissions_id_seq; Type: SEQUENCE; Schema: public; Owner: ibra
--

ALTER TABLE public.auth_user_user_permissions ALTER COLUMN id ADD GENERATED BY DEFAULT AS IDENTITY (
    SEQUENCE NAME public.auth_user_user_permissions_id_seq
    START WITH 1
    INCREMENT BY 1
    NO MINVALUE
    NO MAXVALUE
    CACHE 1
);


--
-- Name: django_admin_log; Type: TABLE; Schema: public; Owner: ibra
--

CREATE TABLE public.django_admin_log (
    id integer NOT NULL,
    action_time timestamp with time zone NOT NULL,
    object_id text,
    object_repr character varying(200) NOT NULL,
    action_flag smallint NOT NULL,
    change_message text NOT NULL,
    content_type_id integer,
    user_id integer NOT NULL,
    CONSTRAINT django_admin_log_action_flag_check CHECK ((action_flag >= 0))
);


ALTER TABLE public.django_admin_log OWNER TO ibra;

--
-- Name: django_admin_log_id_seq; Type: SEQUENCE; Schema: public; Owner: ibra
--

ALTER TABLE public.django_admin_log ALTER COLUMN id ADD GENERATED BY DEFAULT AS IDENTITY (
    SEQUENCE NAME public.django_admin_log_id_seq
    START WITH 1
    INCREMENT BY 1
    NO MINVALUE
    NO MAXVALUE
    CACHE 1
);


--
-- Name: django_content_type; Type: TABLE; Schema: public; Owner: ibra
--

CREATE TABLE public.django_content_type (
    id integer NOT NULL,
    app_label character varying(100) NOT NULL,
    model character varying(100) NOT NULL
);


ALTER TABLE public.django_content_type OWNER TO ibra;

--
-- Name: django_content_type_id_seq; Type: SEQUENCE; Schema: public; Owner: ibra
--

ALTER TABLE public.django_content_type ALTER COLUMN id ADD GENERATED BY DEFAULT AS IDENTITY (
    SEQUENCE NAME public.django_content_type_id_seq
    START WITH 1
    INCREMENT BY 1
    NO MINVALUE
    NO MAXVALUE
    CACHE 1
);


--
-- Name: django_migrations; Type: TABLE; Schema: public; Owner: ibra
--

CREATE TABLE public.django_migrations (
    id bigint NOT NULL,
    app character varying(255) NOT NULL,
    name character varying(255) NOT NULL,
    applied timestamp with time zone NOT NULL
);


ALTER TABLE public.django_migrations OWNER TO ibra;

--
-- Name: django_migrations_id_seq; Type: SEQUENCE; Schema: public; Owner: ibra
--

ALTER TABLE public.django_migrations ALTER COLUMN id ADD GENERATED BY DEFAULT AS IDENTITY (
    SEQUENCE NAME public.django_migrations_id_seq
    START WITH 1
    INCREMENT BY 1
    NO MINVALUE
    NO MAXVALUE
    CACHE 1
);


--
-- Name: django_session; Type: TABLE; Schema: public; Owner: ibra
--

CREATE TABLE public.django_session (
    session_key character varying(40) NOT NULL,
    session_data text NOT NULL,
    expire_date timestamp with time zone NOT NULL
);


ALTER TABLE public.django_session OWNER TO ibra;

--
-- Name: public_activite; Type: TABLE; Schema: public; Owner: ibra
--

CREATE TABLE public.public_activite (
    id bigint NOT NULL,
    nom character varying(280) NOT NULL,
    date timestamp with time zone NOT NULL,
    createur_id integer NOT NULL,
    type_id bigint NOT NULL,
    ville_id bigint NOT NULL,
    adresse character varying(280)
);


ALTER TABLE public.public_activite OWNER TO ibra;

--
-- Name: public_activite_id_seq; Type: SEQUENCE; Schema: public; Owner: ibra
--

ALTER TABLE public.public_activite ALTER COLUMN id ADD GENERATED BY DEFAULT AS IDENTITY (
    SEQUENCE NAME public.public_activite_id_seq
    START WITH 1
    INCREMENT BY 1
    NO MINVALUE
    NO MAXVALUE
    CACHE 1
);


--
-- Name: public_registration; Type: TABLE; Schema: public; Owner: ibra
--

CREATE TABLE public.public_registration (
    id bigint NOT NULL,
    date timestamp with time zone NOT NULL,
    activity_id bigint NOT NULL,
    user_id integer NOT NULL
);


ALTER TABLE public.public_registration OWNER TO ibra;

--
-- Name: public_registration_id_seq; Type: SEQUENCE; Schema: public; Owner: ibra
--

ALTER TABLE public.public_registration ALTER COLUMN id ADD GENERATED BY DEFAULT AS IDENTITY (
    SEQUENCE NAME public.public_registration_id_seq
    START WITH 1
    INCREMENT BY 1
    NO MINVALUE
    NO MAXVALUE
    CACHE 1
);


--
-- Name: public_typeactivite; Type: TABLE; Schema: public; Owner: ibra
--

CREATE TABLE public.public_typeactivite (
    id bigint NOT NULL,
    type character varying(100)
);


ALTER TABLE public.public_typeactivite OWNER TO ibra;

--
-- Name: public_typeactivite_id_seq; Type: SEQUENCE; Schema: public; Owner: ibra
--

ALTER TABLE public.public_typeactivite ALTER COLUMN id ADD GENERATED BY DEFAULT AS IDENTITY (
    SEQUENCE NAME public.public_typeactivite_id_seq
    START WITH 1
    INCREMENT BY 1
    NO MINVALUE
    NO MAXVALUE
    CACHE 1
);


--
-- Name: public_ville; Type: TABLE; Schema: public; Owner: ibra
--

CREATE TABLE public.public_ville (
    id bigint NOT NULL,
    nom character varying(100) NOT NULL
);


ALTER TABLE public.public_ville OWNER TO ibra;

--
-- Name: public_ville_id_seq; Type: SEQUENCE; Schema: public; Owner: ibra
--

ALTER TABLE public.public_ville ALTER COLUMN id ADD GENERATED BY DEFAULT AS IDENTITY (
    SEQUENCE NAME public.public_ville_id_seq
    START WITH 1
    INCREMENT BY 1
    NO MINVALUE
    NO MAXVALUE
    CACHE 1
);


--
-- Data for Name: auth_group; Type: TABLE DATA; Schema: public; Owner: ibra
--

COPY public.auth_group (id, name) FROM stdin;
\.


--
-- Data for Name: auth_group_permissions; Type: TABLE DATA; Schema: public; Owner: ibra
--

COPY public.auth_group_permissions (id, group_id, permission_id) FROM stdin;
\.


--
-- Data for Name: auth_permission; Type: TABLE DATA; Schema: public; Owner: ibra
--

COPY public.auth_permission (id, name, content_type_id, codename) FROM stdin;
1	Can add log entry	1	add_logentry
2	Can change log entry	1	change_logentry
3	Can delete log entry	1	delete_logentry
4	Can view log entry	1	view_logentry
5	Can add permission	2	add_permission
6	Can change permission	2	change_permission
7	Can delete permission	2	delete_permission
8	Can view permission	2	view_permission
9	Can add group	3	add_group
10	Can change group	3	change_group
11	Can delete group	3	delete_group
12	Can view group	3	view_group
13	Can add user	4	add_user
14	Can change user	4	change_user
15	Can delete user	4	delete_user
16	Can view user	4	view_user
17	Can add content type	5	add_contenttype
18	Can change content type	5	change_contenttype
19	Can delete content type	5	delete_contenttype
20	Can view content type	5	view_contenttype
21	Can add session	6	add_session
22	Can change session	6	change_session
23	Can delete session	6	delete_session
24	Can view session	6	view_session
25	Can add type activite	7	add_typeactivite
26	Can change type activite	7	change_typeactivite
27	Can delete type activite	7	delete_typeactivite
28	Can view type activite	7	view_typeactivite
29	Can add ville	8	add_ville
30	Can change ville	8	change_ville
31	Can delete ville	8	delete_ville
32	Can view ville	8	view_ville
33	Can add activite	9	add_activite
34	Can change activite	9	change_activite
35	Can delete activite	9	delete_activite
36	Can view activite	9	view_activite
37	Can add registration	10	add_registration
38	Can change registration	10	change_registration
39	Can delete registration	10	delete_registration
40	Can view registration	10	view_registration
\.


--
-- Data for Name: auth_user; Type: TABLE DATA; Schema: public; Owner: ibra
--

COPY public.auth_user (id, password, last_login, is_superuser, username, first_name, last_name, email, is_staff, is_active, date_joined) FROM stdin;
1	pbkdf2_sha256$870000$85ed7UDFRHr20V1iej31j7$sDrmslfE9fZvdrR8fxLRfJJo8ous2SZMmjBAf8SQyjc=	2024-09-23 01:41:29.897059+00	t	ibra				t	t	2024-09-21 14:01:54.213163+00
2	pbkdf2_sha256$870000$UcMfN8L54HAIJGTTbTrEjB$kMHZXmsewySCd5vW23gn6CMg7QQnINFpSkQRQJC4jRY=	2024-09-24 09:43:46.1037+00	t	test				t	t	2024-09-21 14:03:45.069408+00
\.


--
-- Data for Name: auth_user_groups; Type: TABLE DATA; Schema: public; Owner: ibra
--

COPY public.auth_user_groups (id, user_id, group_id) FROM stdin;
\.


--
-- Data for Name: auth_user_user_permissions; Type: TABLE DATA; Schema: public; Owner: ibra
--

COPY public.auth_user_user_permissions (id, user_id, permission_id) FROM stdin;
\.


--
-- Data for Name: django_admin_log; Type: TABLE DATA; Schema: public; Owner: ibra
--

COPY public.django_admin_log (id, action_time, object_id, object_repr, action_flag, change_message, content_type_id, user_id) FROM stdin;
1	2024-09-21 14:04:15.083603+00	1	Evry	1	[{"added": {}}]	8	1
2	2024-09-21 14:04:34.531527+00	2	Marseille	1	[{"added": {}}]	8	1
3	2024-09-21 14:04:51.878318+00	1	Sport	1	[{"added": {}}]	7	1
4	2024-09-21 14:05:01.322447+00	2	Voyage	1	[{"added": {}}]	7	1
5	2024-09-21 14:05:14.954537+00	3	Jeu de société	1	[{"added": {}}]	7	1
6	2024-09-21 14:05:22.33662+00	4	Culture	1	[{"added": {}}]	7	1
7	2024-09-21 14:06:52.04737+00	1	match de foot	1	[{"added": {}}]	9	1
8	2024-09-21 14:07:22.869159+00	3	Paris	1	[{"added": {}}]	8	1
9	2024-09-21 14:07:49.869527+00	2	Aller à la Tour Eiffel	1	[{"added": {}}]	9	1
\.


--
-- Data for Name: django_content_type; Type: TABLE DATA; Schema: public; Owner: ibra
--

COPY public.django_content_type (id, app_label, model) FROM stdin;
1	admin	logentry
2	auth	permission
3	auth	group
4	auth	user
5	contenttypes	contenttype
6	sessions	session
7	public	typeactivite
8	public	ville
9	public	activite
10	public	registration
\.


--
-- Data for Name: django_migrations; Type: TABLE DATA; Schema: public; Owner: ibra
--

COPY public.django_migrations (id, app, name, applied) FROM stdin;
1	contenttypes	0001_initial	2024-09-21 13:41:19.754926+00
2	auth	0001_initial	2024-09-21 13:41:19.840413+00
3	admin	0001_initial	2024-09-21 13:41:19.865022+00
4	admin	0002_logentry_remove_auto_add	2024-09-21 13:41:19.876969+00
5	admin	0003_logentry_add_action_flag_choices	2024-09-21 13:41:19.887005+00
6	contenttypes	0002_remove_content_type_name	2024-09-21 13:41:19.900717+00
7	auth	0002_alter_permission_name_max_length	2024-09-21 13:41:19.904777+00
8	auth	0003_alter_user_email_max_length	2024-09-21 13:41:19.90872+00
9	auth	0004_alter_user_username_opts	2024-09-21 13:41:19.912423+00
10	auth	0005_alter_user_last_login_null	2024-09-21 13:41:19.916771+00
11	auth	0006_require_contenttypes_0002	2024-09-21 13:41:19.918029+00
12	auth	0007_alter_validators_add_error_messages	2024-09-21 13:41:19.92497+00
13	auth	0008_alter_user_username_max_length	2024-09-21 13:41:19.936372+00
14	auth	0009_alter_user_last_name_max_length	2024-09-21 13:41:19.943014+00
15	auth	0010_alter_group_name_max_length	2024-09-21 13:41:19.95665+00
16	auth	0011_update_proxy_permissions	2024-09-21 13:41:19.965818+00
17	auth	0012_alter_user_first_name_max_length	2024-09-21 13:41:19.974637+00
18	public	0001_initial	2024-09-21 13:41:20.027052+00
19	public	0002_alter_registration_date	2024-09-21 13:41:20.041388+00
20	public	0003_activite_adresse	2024-09-21 13:41:20.056449+00
21	sessions	0001_initial	2024-09-21 13:41:20.071333+00
\.


--
-- Data for Name: django_session; Type: TABLE DATA; Schema: public; Owner: ibra
--

COPY public.django_session (session_key, session_data, expire_date) FROM stdin;
6nz6g3uzb6l34106j2s8v9hkd97864vr	.eJxVjEEOwiAQAP_C2ZAtEECP3n0D2WUXqRqalPZk_Lsh6UGvM5N5q4T7VtPeZU0zq4sy6vTLCPNT2hD8wHZfdF7ats6kR6IP2_VtYXldj_ZvULHXsWVxQAwoTopwFsAAIUIJaJCdUAQK1k92QgDO0Zt89tEU6wpZCkZ9vg9KOHY:1ssYLa:pYwOHJd0GNZs2Toq5ipsSnSz-PGF-VS-5Jb_G75dfDM	2024-10-07 01:58:42.313802+00
7xygduq98vbcwbln4c1mmsb1hc3ohzjg	.eJxVjEEOwiAQAP_C2ZAtEECP3n0D2WUXqRqalPZk_Lsh6UGvM5N5q4T7VtPeZU0zq4sy6vTLCPNT2hD8wHZfdF7ats6kR6IP2_VtYXldj_ZvULHXsWVxQAwoTopwFsAAIUIJaJCdUAQK1k92QgDO0Zt89tEU6wpZCkZ9vg9KOHY:1st25C:gwTu5FYpBo3rBVZcdz-94fxADyIO3pWeUhIlg6EdUJw	2024-10-08 09:43:46.105417+00
\.


--
-- Data for Name: public_activite; Type: TABLE DATA; Schema: public; Owner: ibra
--

COPY public.public_activite (id, nom, date, createur_id, type_id, ville_id, adresse) FROM stdin;
1	match de foot	2024-09-30 15:30:00+00	2	1	1	Stade d'Evry
2	Aller à la Tour Eiffel	2024-10-31 10:00:00+00	1	2	3	Tour Eiffel
3	Rendre visite à Macron	2024-12-31 23:00:00+00	2	2	3	quelque part à Paris
\.


--
-- Data for Name: public_registration; Type: TABLE DATA; Schema: public; Owner: ibra
--

COPY public.public_registration (id, date, activity_id, user_id) FROM stdin;
1	2024-09-21 14:08:37.287548+00	1	1
2	2024-09-22 23:41:58.205866+00	3	1
3	2024-09-24 09:44:03.342427+00	2	2
\.


--
-- Data for Name: public_typeactivite; Type: TABLE DATA; Schema: public; Owner: ibra
--

COPY public.public_typeactivite (id, type) FROM stdin;
1	Sport
2	Voyage
3	Jeu de société
4	Culture
\.


--
-- Data for Name: public_ville; Type: TABLE DATA; Schema: public; Owner: ibra
--

COPY public.public_ville (id, nom) FROM stdin;
1	Evry
2	Marseille
3	Paris
\.


--
-- Name: auth_group_id_seq; Type: SEQUENCE SET; Schema: public; Owner: ibra
--

SELECT pg_catalog.setval('public.auth_group_id_seq', 1, false);


--
-- Name: auth_group_permissions_id_seq; Type: SEQUENCE SET; Schema: public; Owner: ibra
--

SELECT pg_catalog.setval('public.auth_group_permissions_id_seq', 1, false);


--
-- Name: auth_permission_id_seq; Type: SEQUENCE SET; Schema: public; Owner: ibra
--

SELECT pg_catalog.setval('public.auth_permission_id_seq', 40, true);


--
-- Name: auth_user_groups_id_seq; Type: SEQUENCE SET; Schema: public; Owner: ibra
--

SELECT pg_catalog.setval('public.auth_user_groups_id_seq', 1, false);


--
-- Name: auth_user_id_seq; Type: SEQUENCE SET; Schema: public; Owner: ibra
--

SELECT pg_catalog.setval('public.auth_user_id_seq', 2, true);


--
-- Name: auth_user_user_permissions_id_seq; Type: SEQUENCE SET; Schema: public; Owner: ibra
--

SELECT pg_catalog.setval('public.auth_user_user_permissions_id_seq', 1, false);


--
-- Name: django_admin_log_id_seq; Type: SEQUENCE SET; Schema: public; Owner: ibra
--

SELECT pg_catalog.setval('public.django_admin_log_id_seq', 9, true);


--
-- Name: django_content_type_id_seq; Type: SEQUENCE SET; Schema: public; Owner: ibra
--

SELECT pg_catalog.setval('public.django_content_type_id_seq', 10, true);


--
-- Name: django_migrations_id_seq; Type: SEQUENCE SET; Schema: public; Owner: ibra
--

SELECT pg_catalog.setval('public.django_migrations_id_seq', 21, true);


--
-- Name: public_activite_id_seq; Type: SEQUENCE SET; Schema: public; Owner: ibra
--

SELECT pg_catalog.setval('public.public_activite_id_seq', 3, true);


--
-- Name: public_registration_id_seq; Type: SEQUENCE SET; Schema: public; Owner: ibra
--

SELECT pg_catalog.setval('public.public_registration_id_seq', 3, true);


--
-- Name: public_typeactivite_id_seq; Type: SEQUENCE SET; Schema: public; Owner: ibra
--

SELECT pg_catalog.setval('public.public_typeactivite_id_seq', 4, true);


--
-- Name: public_ville_id_seq; Type: SEQUENCE SET; Schema: public; Owner: ibra
--

SELECT pg_catalog.setval('public.public_ville_id_seq', 3, true);


--
-- Name: auth_group auth_group_name_key; Type: CONSTRAINT; Schema: public; Owner: ibra
--

ALTER TABLE ONLY public.auth_group
    ADD CONSTRAINT auth_group_name_key UNIQUE (name);


--
-- Name: auth_group_permissions auth_group_permissions_group_id_permission_id_0cd325b0_uniq; Type: CONSTRAINT; Schema: public; Owner: ibra
--

ALTER TABLE ONLY public.auth_group_permissions
    ADD CONSTRAINT auth_group_permissions_group_id_permission_id_0cd325b0_uniq UNIQUE (group_id, permission_id);


--
-- Name: auth_group_permissions auth_group_permissions_pkey; Type: CONSTRAINT; Schema: public; Owner: ibra
--

ALTER TABLE ONLY public.auth_group_permissions
    ADD CONSTRAINT auth_group_permissions_pkey PRIMARY KEY (id);


--
-- Name: auth_group auth_group_pkey; Type: CONSTRAINT; Schema: public; Owner: ibra
--

ALTER TABLE ONLY public.auth_group
    ADD CONSTRAINT auth_group_pkey PRIMARY KEY (id);


--
-- Name: auth_permission auth_permission_content_type_id_codename_01ab375a_uniq; Type: CONSTRAINT; Schema: public; Owner: ibra
--

ALTER TABLE ONLY public.auth_permission
    ADD CONSTRAINT auth_permission_content_type_id_codename_01ab375a_uniq UNIQUE (content_type_id, codename);


--
-- Name: auth_permission auth_permission_pkey; Type: CONSTRAINT; Schema: public; Owner: ibra
--

ALTER TABLE ONLY public.auth_permission
    ADD CONSTRAINT auth_permission_pkey PRIMARY KEY (id);


--
-- Name: auth_user_groups auth_user_groups_pkey; Type: CONSTRAINT; Schema: public; Owner: ibra
--

ALTER TABLE ONLY public.auth_user_groups
    ADD CONSTRAINT auth_user_groups_pkey PRIMARY KEY (id);


--
-- Name: auth_user_groups auth_user_groups_user_id_group_id_94350c0c_uniq; Type: CONSTRAINT; Schema: public; Owner: ibra
--

ALTER TABLE ONLY public.auth_user_groups
    ADD CONSTRAINT auth_user_groups_user_id_group_id_94350c0c_uniq UNIQUE (user_id, group_id);


--
-- Name: auth_user auth_user_pkey; Type: CONSTRAINT; Schema: public; Owner: ibra
--

ALTER TABLE ONLY public.auth_user
    ADD CONSTRAINT auth_user_pkey PRIMARY KEY (id);


--
-- Name: auth_user_user_permissions auth_user_user_permissions_pkey; Type: CONSTRAINT; Schema: public; Owner: ibra
--

ALTER TABLE ONLY public.auth_user_user_permissions
    ADD CONSTRAINT auth_user_user_permissions_pkey PRIMARY KEY (id);


--
-- Name: auth_user_user_permissions auth_user_user_permissions_user_id_permission_id_14a6b632_uniq; Type: CONSTRAINT; Schema: public; Owner: ibra
--

ALTER TABLE ONLY public.auth_user_user_permissions
    ADD CONSTRAINT auth_user_user_permissions_user_id_permission_id_14a6b632_uniq UNIQUE (user_id, permission_id);


--
-- Name: auth_user auth_user_username_key; Type: CONSTRAINT; Schema: public; Owner: ibra
--

ALTER TABLE ONLY public.auth_user
    ADD CONSTRAINT auth_user_username_key UNIQUE (username);


--
-- Name: django_admin_log django_admin_log_pkey; Type: CONSTRAINT; Schema: public; Owner: ibra
--

ALTER TABLE ONLY public.django_admin_log
    ADD CONSTRAINT django_admin_log_pkey PRIMARY KEY (id);


--
-- Name: django_content_type django_content_type_app_label_model_76bd3d3b_uniq; Type: CONSTRAINT; Schema: public; Owner: ibra
--

ALTER TABLE ONLY public.django_content_type
    ADD CONSTRAINT django_content_type_app_label_model_76bd3d3b_uniq UNIQUE (app_label, model);


--
-- Name: django_content_type django_content_type_pkey; Type: CONSTRAINT; Schema: public; Owner: ibra
--

ALTER TABLE ONLY public.django_content_type
    ADD CONSTRAINT django_content_type_pkey PRIMARY KEY (id);


--
-- Name: django_migrations django_migrations_pkey; Type: CONSTRAINT; Schema: public; Owner: ibra
--

ALTER TABLE ONLY public.django_migrations
    ADD CONSTRAINT django_migrations_pkey PRIMARY KEY (id);


--
-- Name: django_session django_session_pkey; Type: CONSTRAINT; Schema: public; Owner: ibra
--

ALTER TABLE ONLY public.django_session
    ADD CONSTRAINT django_session_pkey PRIMARY KEY (session_key);


--
-- Name: public_activite public_activite_pkey; Type: CONSTRAINT; Schema: public; Owner: ibra
--

ALTER TABLE ONLY public.public_activite
    ADD CONSTRAINT public_activite_pkey PRIMARY KEY (id);


--
-- Name: public_registration public_registration_pkey; Type: CONSTRAINT; Schema: public; Owner: ibra
--

ALTER TABLE ONLY public.public_registration
    ADD CONSTRAINT public_registration_pkey PRIMARY KEY (id);


--
-- Name: public_typeactivite public_typeactivite_pkey; Type: CONSTRAINT; Schema: public; Owner: ibra
--

ALTER TABLE ONLY public.public_typeactivite
    ADD CONSTRAINT public_typeactivite_pkey PRIMARY KEY (id);


--
-- Name: public_ville public_ville_pkey; Type: CONSTRAINT; Schema: public; Owner: ibra
--

ALTER TABLE ONLY public.public_ville
    ADD CONSTRAINT public_ville_pkey PRIMARY KEY (id);


--
-- Name: auth_group_name_a6ea08ec_like; Type: INDEX; Schema: public; Owner: ibra
--

CREATE INDEX auth_group_name_a6ea08ec_like ON public.auth_group USING btree (name varchar_pattern_ops);


--
-- Name: auth_group_permissions_group_id_b120cbf9; Type: INDEX; Schema: public; Owner: ibra
--

CREATE INDEX auth_group_permissions_group_id_b120cbf9 ON public.auth_group_permissions USING btree (group_id);


--
-- Name: auth_group_permissions_permission_id_84c5c92e; Type: INDEX; Schema: public; Owner: ibra
--

CREATE INDEX auth_group_permissions_permission_id_84c5c92e ON public.auth_group_permissions USING btree (permission_id);


--
-- Name: auth_permission_content_type_id_2f476e4b; Type: INDEX; Schema: public; Owner: ibra
--

CREATE INDEX auth_permission_content_type_id_2f476e4b ON public.auth_permission USING btree (content_type_id);


--
-- Name: auth_user_groups_group_id_97559544; Type: INDEX; Schema: public; Owner: ibra
--

CREATE INDEX auth_user_groups_group_id_97559544 ON public.auth_user_groups USING btree (group_id);


--
-- Name: auth_user_groups_user_id_6a12ed8b; Type: INDEX; Schema: public; Owner: ibra
--

CREATE INDEX auth_user_groups_user_id_6a12ed8b ON public.auth_user_groups USING btree (user_id);


--
-- Name: auth_user_user_permissions_permission_id_1fbb5f2c; Type: INDEX; Schema: public; Owner: ibra
--

CREATE INDEX auth_user_user_permissions_permission_id_1fbb5f2c ON public.auth_user_user_permissions USING btree (permission_id);


--
-- Name: auth_user_user_permissions_user_id_a95ead1b; Type: INDEX; Schema: public; Owner: ibra
--

CREATE INDEX auth_user_user_permissions_user_id_a95ead1b ON public.auth_user_user_permissions USING btree (user_id);


--
-- Name: auth_user_username_6821ab7c_like; Type: INDEX; Schema: public; Owner: ibra
--

CREATE INDEX auth_user_username_6821ab7c_like ON public.auth_user USING btree (username varchar_pattern_ops);


--
-- Name: django_admin_log_content_type_id_c4bce8eb; Type: INDEX; Schema: public; Owner: ibra
--

CREATE INDEX django_admin_log_content_type_id_c4bce8eb ON public.django_admin_log USING btree (content_type_id);


--
-- Name: django_admin_log_user_id_c564eba6; Type: INDEX; Schema: public; Owner: ibra
--

CREATE INDEX django_admin_log_user_id_c564eba6 ON public.django_admin_log USING btree (user_id);


--
-- Name: django_session_expire_date_a5c62663; Type: INDEX; Schema: public; Owner: ibra
--

CREATE INDEX django_session_expire_date_a5c62663 ON public.django_session USING btree (expire_date);


--
-- Name: django_session_session_key_c0390e0f_like; Type: INDEX; Schema: public; Owner: ibra
--

CREATE INDEX django_session_session_key_c0390e0f_like ON public.django_session USING btree (session_key varchar_pattern_ops);


--
-- Name: public_activite_createur_id_ef014cac; Type: INDEX; Schema: public; Owner: ibra
--

CREATE INDEX public_activite_createur_id_ef014cac ON public.public_activite USING btree (createur_id);


--
-- Name: public_activite_type_id_ae079be3; Type: INDEX; Schema: public; Owner: ibra
--

CREATE INDEX public_activite_type_id_ae079be3 ON public.public_activite USING btree (type_id);


--
-- Name: public_activite_ville_id_a8b5c2e6; Type: INDEX; Schema: public; Owner: ibra
--

CREATE INDEX public_activite_ville_id_a8b5c2e6 ON public.public_activite USING btree (ville_id);


--
-- Name: public_registration_activity_id_ca00b9bf; Type: INDEX; Schema: public; Owner: ibra
--

CREATE INDEX public_registration_activity_id_ca00b9bf ON public.public_registration USING btree (activity_id);


--
-- Name: public_registration_user_id_c29a2c21; Type: INDEX; Schema: public; Owner: ibra
--

CREATE INDEX public_registration_user_id_c29a2c21 ON public.public_registration USING btree (user_id);


--
-- Name: auth_group_permissions auth_group_permissio_permission_id_84c5c92e_fk_auth_perm; Type: FK CONSTRAINT; Schema: public; Owner: ibra
--

ALTER TABLE ONLY public.auth_group_permissions
    ADD CONSTRAINT auth_group_permissio_permission_id_84c5c92e_fk_auth_perm FOREIGN KEY (permission_id) REFERENCES public.auth_permission(id) DEFERRABLE INITIALLY DEFERRED;


--
-- Name: auth_group_permissions auth_group_permissions_group_id_b120cbf9_fk_auth_group_id; Type: FK CONSTRAINT; Schema: public; Owner: ibra
--

ALTER TABLE ONLY public.auth_group_permissions
    ADD CONSTRAINT auth_group_permissions_group_id_b120cbf9_fk_auth_group_id FOREIGN KEY (group_id) REFERENCES public.auth_group(id) DEFERRABLE INITIALLY DEFERRED;


--
-- Name: auth_permission auth_permission_content_type_id_2f476e4b_fk_django_co; Type: FK CONSTRAINT; Schema: public; Owner: ibra
--

ALTER TABLE ONLY public.auth_permission
    ADD CONSTRAINT auth_permission_content_type_id_2f476e4b_fk_django_co FOREIGN KEY (content_type_id) REFERENCES public.django_content_type(id) DEFERRABLE INITIALLY DEFERRED;


--
-- Name: auth_user_groups auth_user_groups_group_id_97559544_fk_auth_group_id; Type: FK CONSTRAINT; Schema: public; Owner: ibra
--

ALTER TABLE ONLY public.auth_user_groups
    ADD CONSTRAINT auth_user_groups_group_id_97559544_fk_auth_group_id FOREIGN KEY (group_id) REFERENCES public.auth_group(id) DEFERRABLE INITIALLY DEFERRED;


--
-- Name: auth_user_groups auth_user_groups_user_id_6a12ed8b_fk_auth_user_id; Type: FK CONSTRAINT; Schema: public; Owner: ibra
--

ALTER TABLE ONLY public.auth_user_groups
    ADD CONSTRAINT auth_user_groups_user_id_6a12ed8b_fk_auth_user_id FOREIGN KEY (user_id) REFERENCES public.auth_user(id) DEFERRABLE INITIALLY DEFERRED;


--
-- Name: auth_user_user_permissions auth_user_user_permi_permission_id_1fbb5f2c_fk_auth_perm; Type: FK CONSTRAINT; Schema: public; Owner: ibra
--

ALTER TABLE ONLY public.auth_user_user_permissions
    ADD CONSTRAINT auth_user_user_permi_permission_id_1fbb5f2c_fk_auth_perm FOREIGN KEY (permission_id) REFERENCES public.auth_permission(id) DEFERRABLE INITIALLY DEFERRED;


--
-- Name: auth_user_user_permissions auth_user_user_permissions_user_id_a95ead1b_fk_auth_user_id; Type: FK CONSTRAINT; Schema: public; Owner: ibra
--

ALTER TABLE ONLY public.auth_user_user_permissions
    ADD CONSTRAINT auth_user_user_permissions_user_id_a95ead1b_fk_auth_user_id FOREIGN KEY (user_id) REFERENCES public.auth_user(id) DEFERRABLE INITIALLY DEFERRED;


--
-- Name: django_admin_log django_admin_log_content_type_id_c4bce8eb_fk_django_co; Type: FK CONSTRAINT; Schema: public; Owner: ibra
--

ALTER TABLE ONLY public.django_admin_log
    ADD CONSTRAINT django_admin_log_content_type_id_c4bce8eb_fk_django_co FOREIGN KEY (content_type_id) REFERENCES public.django_content_type(id) DEFERRABLE INITIALLY DEFERRED;


--
-- Name: django_admin_log django_admin_log_user_id_c564eba6_fk_auth_user_id; Type: FK CONSTRAINT; Schema: public; Owner: ibra
--

ALTER TABLE ONLY public.django_admin_log
    ADD CONSTRAINT django_admin_log_user_id_c564eba6_fk_auth_user_id FOREIGN KEY (user_id) REFERENCES public.auth_user(id) DEFERRABLE INITIALLY DEFERRED;


--
-- Name: public_activite public_activite_createur_id_ef014cac_fk_auth_user_id; Type: FK CONSTRAINT; Schema: public; Owner: ibra
--

ALTER TABLE ONLY public.public_activite
    ADD CONSTRAINT public_activite_createur_id_ef014cac_fk_auth_user_id FOREIGN KEY (createur_id) REFERENCES public.auth_user(id) DEFERRABLE INITIALLY DEFERRED;


--
-- Name: public_activite public_activite_type_id_ae079be3_fk_public_typeactivite_id; Type: FK CONSTRAINT; Schema: public; Owner: ibra
--

ALTER TABLE ONLY public.public_activite
    ADD CONSTRAINT public_activite_type_id_ae079be3_fk_public_typeactivite_id FOREIGN KEY (type_id) REFERENCES public.public_typeactivite(id) DEFERRABLE INITIALLY DEFERRED;


--
-- Name: public_activite public_activite_ville_id_a8b5c2e6_fk_public_ville_id; Type: FK CONSTRAINT; Schema: public; Owner: ibra
--

ALTER TABLE ONLY public.public_activite
    ADD CONSTRAINT public_activite_ville_id_a8b5c2e6_fk_public_ville_id FOREIGN KEY (ville_id) REFERENCES public.public_ville(id) DEFERRABLE INITIALLY DEFERRED;


--
-- Name: public_registration public_registration_activity_id_ca00b9bf_fk_public_activite_id; Type: FK CONSTRAINT; Schema: public; Owner: ibra
--

ALTER TABLE ONLY public.public_registration
    ADD CONSTRAINT public_registration_activity_id_ca00b9bf_fk_public_activite_id FOREIGN KEY (activity_id) REFERENCES public.public_activite(id) DEFERRABLE INITIALLY DEFERRED;


--
-- Name: public_registration public_registration_user_id_c29a2c21_fk_auth_user_id; Type: FK CONSTRAINT; Schema: public; Owner: ibra
--

ALTER TABLE ONLY public.public_registration
    ADD CONSTRAINT public_registration_user_id_c29a2c21_fk_auth_user_id FOREIGN KEY (user_id) REFERENCES public.auth_user(id) DEFERRABLE INITIALLY DEFERRED;


--
-- PostgreSQL database dump complete
--

